,Complete process,Testing process
0,9.810509,5.426114
1,11.301867,0.789476
2,2.320465,1.137027
