,Complete process,Testing process
0,73.716775,69.426035
1,8.893931,2.336609
2,4.395026,2.951791
