,ARI,AMI,Fowlkes-Mallows
0,0.5064363587439651,0.6449992242446909,0.7197284733987658
1,0.9646961406941534,0.9414662493790259,0.982283671778268
