,ARI,AMI,Fowlkes-Mallows
0,0.526804248412529,0.6868390964629757,0.7318062144049411
1,0.702467342189628,0.7448615483793653,0.8426753211578423